{
    "Modules": {
        "...MASTER...": {
            "child_modules": {
                "std": 1,
                "testbench": 1
            },
            "start_perf": [
                0.7745819091796875,
                0.11701400000000001,
                0.072857000000000005,
                210244,
                223144,
                1684012419.4231629,
                917175416896918
            ],
            "end_perf": [
                0.8537290096282959,
                0.12227300000000001,
                0.079311999999999994,
                211664,
                223144,
                917175694320352,
                0,
                0
            ],
            "nQuads": 0,
            "nMops": 0,
            "nRouts": 5
        },
        "std": {
            "child_modules": {},
            "start_perf": [
                0.85410690307617188,
                0.12227300000000001,
                0.079670000000000005,
                211664,
                223144,
                1684012419.5026879,
                917175695562188
            ],
            "Compiled": "Yes",
            "end_perf": [
                0.91205906867980957,
                0.13348299999999999,
                0.083153000000000005,
                211696,
                223144,
                917175898722736,
                8589934594,
                0
            ],
            "Compiled Times": 11,
            "svclass": [
                "$vcs_nba_dyn_obj",
                0,
                35,
                2,
                2,
                0,
                "sigprop$$",
                0,
                35,
                2,
                2,
                0,
                "process",
                0,
                200,
                8,
                8,
                0,
                "event",
                0,
                34,
                2,
                2,
                0,
                "mailbox",
                0,
                140,
                9,
                9,
                0,
                "semaphore",
                0,
                84,
                5,
                5,
                0
            ],
            "nQuads": 218,
            "nMops": 528,
            "nRouts": 33
        },
        "testbench": {
            "child_modules": {},
            "start_perf": [
                0.91225385665893555,
                0.133604,
                0.083228999999999997,
                211696,
                223144,
                1684012419.5608349,
                917175899292226
            ],
            "end_perf": [
                0.95704507827758789,
                0.16834299999999999,
                0.087409000000000001,
                214592,
                223144,
                917176056027404,
                17179869185,
                0
            ],
            "Compiled": "Yes",
            "Compiled Times": 11,
            "nQuads": 968,
            "nMops": 1905,
            "nRouts": 117
        }
    },
    "CompUnits": {},
    "ObjArchives": [
        {
            "archive": "archive.10/_17675_archive_1.a",
            "objects": [
                [
                    "amcQwB.o",
                    102528
                ]
            ],
            "size": 102528
        }
    ],
    "reusePaths": {
        "amcQw_d": {
            "icPath": "csrc"
        },
        "reYIK_d": {
            "icPath": "csrc"
        },
        "iAVhC_d": {
            "icPath": "csrc"
        }
    },
    "stat": {
        "ru_self_end": {
            "ru_utime_sec": 0.174148,
            "ru_stime_sec": 0.096155000000000004,
            "ru_maxrss_kb": 80564,
            "ru_minflt": 26834,
            "ru_majflt": 0,
            "ru_nivcsw": 35,
            "ru_nvcsw": 315
        },
        "ru_childs_end": {
            "ru_utime_sec": 0.022335000000000001,
            "ru_stime_sec": 0.023209,
            "ru_maxrss_kb": 24040,
            "ru_minflt": 6904,
            "ru_majflt": 0,
            "ru_nivcsw": 10,
            "ru_nvcsw": 22
        },
        "cpu_cycles_end": 917176491041176,
        "peak_mem_kb": 223144
    }
}