{
    "cpu_cycles_pass2_start": 9376130777497208,
    "MlibObjs": {},
    "cycles_program_begin": 9376129445769686,
    "CurCompileUdps": {},
    "incremental": "on",
    "perf": [
        {
            "stat": [
                "main",
                "entry",
                0.017149209976196289,
                0.031213999999999999,
                0.021145000000000001,
                206592,
                206592,
                0.0,
                0.0,
                1678583678.1941421,
                9376129446098890
            ],
            "sub": [
                {
                    "stat": [
                        "doParsingAndDesignResolution",
                        "entry",
                        0.045656204223632812,
                        0.034354999999999997,
                        0.023945000000000001,
                        207432,
                        208100,
                        0.0,
                        0.0,
                        1678583678.2226491,
                        9376129545939394
                    ],
                    "sub": []
                },
                {
                    "stat": [
                        "doParsingAndDesignResolution",
                        "exit",
                        0.063399076461791992,
                        0.039439000000000002,
                        0.025281000000000001,
                        208044,
                        208692,
                        0.0,
                        0.0,
                        1678583678.240392,
                        9376129608142714
                    ],
                    "sub": []
                },
                {
                    "stat": [
                        "doPostDesignResolutionToVir2Vcs",
                        "entry",
                        0.075966119766235352,
                        0.040675999999999997,
                        0.025423000000000001,
                        208208,
                        208692,
                        0.0,
                        0.0,
                        1678583678.252959,
                        9376129652202940
                    ],
                    "sub": [
                        {
                            "stat": [
                                "doUptoVir2VcsNoSepCleanup",
                                "entry",
                                0.098750114440917969,
                                0.043929999999999997,
                                0.030648000000000002,
                                209212,
                                209216,
                                0.0,
                                0.0,
                                1678583678.275743,
                                9376129732402364
                            ],
                            "sub": []
                        },
                        {
                            "stat": [
                                "doUptoVir2VcsNoSepCleanup",
                                "exit",
                                0.25994420051574707,
                                0.072525999999999993,
                                0.047300000000000002,
                                210512,
                                222888,
                                0.0,
                                0.0,
                                1678583678.4369371,
                                9376130297172436
                            ],
                            "sub": []
                        },
                        {
                            "stat": [
                                "doRadify_vir2vcsAll",
                                "entry",
                                0.26017904281616211,
                                0.072668999999999997,
                                0.047392999999999998,
                                210512,
                                222888,
                                0.0,
                                0.0,
                                1678583678.4371719,
                                9376130297879152
                            ],
                            "sub": []
                        },
                        {
                            "stat": [
                                "doRadify_vir2vcsAll",
                                "exit",
                                0.28462314605712891,
                                0.081355999999999998,
                                0.048813000000000002,
                                210512,
                                222888,
                                0.0,
                                0.0,
                                1678583678.461616,
                                9376130383629434
                            ],
                            "sub": []
                        }
                    ]
                },
                {
                    "stat": [
                        "doPostDesignResolutionToVir2Vcs",
                        "exit",
                        0.28477716445922852,
                        0.081452999999999998,
                        0.048871999999999999,
                        210512,
                        222888,
                        0.0,
                        0.0,
                        1678583678.4617701,
                        9376130384120452
                    ],
                    "sub": []
                },
                {
                    "stat": [
                        "doGAToPass2",
                        "entry",
                        0.28491306304931641,
                        0.081589999999999996,
                        0.048871999999999999,
                        210512,
                        222888,
                        0.0,
                        0.0,
                        1678583678.461906,
                        9376130384520630
                    ],
                    "sub": [
                        {
                            "stat": [
                                "DoPass2",
                                "entry",
                                0.39708805084228516,
                                0.082885,
                                0.053130999999999998,
                                208956,
                                222888,
                                0.040210999999999997,
                                0.02479,
                                1678583678.5740809,
                                9376130777454904
                            ],
                            "sub": []
                        },
                        {
                            "stat": [
                                "DoPass2",
                                "exit",
                                0.51633906364440918,
                                0.100827,
                                0.071554999999999994,
                                212724,
                                222888,
                                0.041194000000000001,
                                0.027740999999999998,
                                1678583678.693332,
                                9376131195550508
                            ],
                            "sub": []
                        }
                    ]
                },
                {
                    "stat": [
                        "doGAToPass2",
                        "exit",
                        0.54806804656982422,
                        0.10695499999999999,
                        0.075624999999999998,
                        214668,
                        222888,
                        0.041194000000000001,
                        0.027740999999999998,
                        1678583678.7250609,
                        9376131306723316
                    ],