{
    "cpu_cycles_pass2_start": 9389202388894648,
    "cycles_program_begin": 9389201032998872,
    "LVLData": [
        "SIM"
    ],
    "CompileStrategy": "fullobj",
    "perf": [
        {
            "stat": [
                "main",
                "entry",
                0.01700282096862793,
                0.030931,
                0.020952999999999999,
                206592,
                206592,
                0.0,
                0.0,
                1678587408.6744189,
                9389201033327904
            ],
            "sub": [
                {
                    "stat": [
                        "doParsingAndDesignResolution",
                        "entry",
                        0.050424814224243164,
                        0.034279999999999998,
                        0.024198000000000001,
                        207432,
                        208100,
                        0.0,
                        0.0,
                        1678587408.7078409,
                        9389201150419730
                    ],
                    "sub": []
                },
                {
                    "stat": [
                        "doParsingAndDesignResolution",
                        "exit",
                        0.06637883186340332,
                        0.037548999999999999,
                        0.027400000000000001,
                        208044,
                        208692,
                        0.0,
                        0.0,
                        1678587408.7237949,
                        9389201206327126
                    ],
                    "sub": []
                },
                {
                    "stat": [
                        "doPostDesignResolutionToVir2Vcs",
                        "entry",
                        0.078541994094848633,
                        0.037548999999999999,
                        0.028604999999999998,
                        208204,
                        208692,
                        0.0,
                        0.0,
                        1678587408.7359581,
                        9389201248952958
                    ],
                    "sub": [
                        {
                            "stat": [
                                "doUptoVir2VcsNoSepCleanup",
                                "entry",
                                0.099741935729980469,
                                0.041019,
                                0.032015000000000002,
                                209340,
                                209344,
                                0.0,
                                0.0,
                                1678587408.757158,
                                9389201323377566
                            ],
                            "sub": []
                        },
                        {
                            "stat": [
                                "doUptoVir2VcsNoSepCleanup",
                                "exit",
                                0.26063680648803711,
                                0.068485000000000004,
                                0.048466000000000002,
                                210512,
                                222888,
                                0.0,
                                0.0,
                                1678587408.9180529,
                                9389201887355846
                            ],
                            "sub": []
                        },
                        {
                            "stat": [
                                "doRadify_vir2vcsAll",
                                "entry",
                                0.26087498664855957,
                                0.068625000000000005,
                                0.048564999999999997,
                                210512,
                                222888,
                                0.0,
                                0.0,
                                1678587408.9182911,
                                9389201888063564
                            ],
                            "sub": []
                        },
                        {
                            "stat": [
                                "doRadify_vir2vcsAll",
                                "exit",
                                0.2862398624420166,
                                0.076841999999999994,
                                0.050867000000000002,
                                210512,
                                222888,
                                0.0,
                                0.0,
                                1678587408.943656,
                                9389201977036794
                            ],
                            "sub": []
                        }
                    ]
                },
                {
                    "stat": [
                        "doPostDesignResolutionToVir2Vcs",
                        "exit",
                        0.2863919734954834,
                        0.076935000000000003,
                        0.050928000000000001,
                        210512,
                        222888,
                        0.0,
                        0.0,
                        1678587408.9438081,
                        9389201977506376
                    ],
                    "sub": []
                },
                {
                    "stat": [
                        "doGAToPass2",
                        "entry",
                        0.28652286529541016,
                        0.076935000000000003,
                        0.051059,
                        210512,
                        222888,
                        0.0,
                        0.0,
                        1678587408.943939,
                        9389201977902376
                    ],
                    "sub": [
                        {
                            "stat": [
                                "DoPass2",
                                "entry",
                                0.40374088287353516,
                                0.076935000000000003,
                                0.059665999999999997,
                                208956,
                                222888,
                                0.032128999999999998,
                                0.034361999999999997,
                                1678587409.061157,
                                9389202388851394
                            ],
                            "sub": []
                        },
                        {
                            "stat": [
                                "DoPass2",
                                "exit",
                                0.5317378044128418,
                                0.090117000000000003,
                                0.085973999999999995,
                                212764,
                                222888,
                                0.037670000000000002,
                                0.038056,
                                1678587409.1891539,
                                9389202837253154
                            ],
                            "sub": []
                        }
                    ]
                },
                {
                    "stat": [
                        "doGAToPass2",
                        "exit",
                        0.56330990791320801,
                        0.095857999999999999,
                        0.090648999999999993,
                        214708,
                        222888,
                        0.037670000000000002,
                        0.038056,
                        1678587409.220726,
                        9389202947911674
                    ],