{
    "cycles_program_begin": 9380200060908200,
    "stat": {
        "ru_self_cgstart": {
            "ru_majflt": 0,
            "ru_utime_sec": 0.106087,
            "ru_maxrss_kb": 69148,
            "ru_stime_sec": 0.057770000000000002,
            "ru_minflt": 22696,
            "ru_nvcsw": 205,
            "ru_nivcsw": 130
        },
        "nMops": 1146,
        "ru_childs_cgstart": {
            "ru_majflt": 0,
            "ru_utime_sec": 0.030376,
            "ru_maxrss_kb": 22232,
            "ru_stime_sec": 0.030204000000000002,
            "ru_minflt": 6320,
            "ru_nvcsw": 17,
            "ru_nivcsw": 6
        },
        "cpu_cycles_cgstart": 9380201458224574,
        "ru_childs_end": {
            "ru_majflt": 0,
            "ru_utime_sec": 0.032434999999999999,
            "ru_maxrss_kb": 22608,
            "ru_stime_sec": 0.037409999999999999,
            "ru_minflt": 6905,
            "ru_nvcsw": 22,
            "ru_nivcsw": 8
        },
        "nQuads": 562,
        "totalObjSize": 122400,
        "CodeGen(%)": 24.209117366094233,
        "ru_self_end": {
            "ru_majflt": 0,
            "ru_utime_sec": 0.147617,
            "ru_maxrss_kb": 75492,
            "ru_stime_sec": 0.083896999999999999,
            "ru_minflt": 25156,
            "ru_nvcsw": 298,
            "ru_nivcsw": 137
        },
        "cpu_cycles_end": 9380202185837174,
        "cpu_cycles_total": 2124928974,
        "mopSpeed": 26291.036729450097,
        "mop/quad": 2.0391459074733098,
        "quadSpeed": 12893.161118630851,
        "outputSizePerQuad": 217.79359430604981,
        "Frontend(%)": 75.790882633905767,
        "peak_mem_kb": 222888,
        "realTime": 0.62273788452148438
    },
    "perf": [
        {
            "stat": [
                "main",
                "entry",
                0.016232013702392578,
                0.03415,
                0.017075,
                206592,
                206592,
                0.0,
                0.0,
                1678584839.9007671,
                9380200061235706
            ],
            "sub": [
                {
                    "stat": [
                        "doParsingAndDesignResolution",
                        "entry",
                        0.047039031982421875,
                        0.043697,
                        0.019421000000000001,
                        207432,
                        208100,
                        0.0,
                        0.0,
                        1678584839.9315741,
                        9380200169371596
                    ],
                    "sub": []
                },
                {
                    "stat": [
                        "doParsingAndDesignResolution",
                        "exit",
                        0.077208042144775391,
                        0.058042999999999997,
                        0.025017999999999999,
                        208044,
                        208692,
                        0.0,
                        0.0,
                        1678584839.9617431,
                        9380200275259574
                    ],
                    "sub": []
                },
                {
                    "stat": [
                        "doPostDesignResolutionToVir2Vcs",
                        "entry",
                        0.092165946960449219,
                        0.060821,
                        0.025342,
                        208208,
                        208692,
                        0.0,
                        0.0,
                        1678584839.976701,
                        9380200327599876
                    ],
                    "sub": [
                        {
                            "stat": [
                                "doUptoVir2VcsNoSepCleanup",
                                "entry",
                                0.1189579963684082,
                                0.067970000000000003,
                                0.030894999999999999,
                                209212,
                                209216,
                                0.0,
                                0.0,
                                1678584840.0034931,
                                9380200421492544
                            ],
                            "sub": []
                        },
                        {
                            "stat": [
                                "doUptoVir2VcsNoSepCleanup",
                                "exit",
                                0.27754902839660645,
                                0.094857999999999998,
                                0.049536999999999998,
                                210512,
                                222888,
                                0.0,
                                0.0,
                                1678584840.1620841,
                                9380200977212576
                            ],
                            "sub": []
                        },
                        {
                            "stat": [
                                "doRadify_vir2vcsAll",
                                "entry",
                                0.27778482437133789,
                                0.095014000000000001,
                                0.049618000000000002,
                                210512,
                                222888,
                                0.0,
                                0.0,
                                1678584840.1623199,
                                9380200977922866
                            ],
                            "sub": []
                        },
                        {
                            "stat": [
                                "doRadify_vir2vcsAll",
                                "exit",
                                0.30254888534545898,
                                0.103134,
                                0.051567000000000002,
                                210512,
                                222888,
                                0.0,
                                0.0,
                                1678584840.187084,
                                9380201064791690
                            ],
                            "sub": []
                        }
                    ]
                },
                {
                    "stat": [
                        "doPostDesignResolutionToVir2Vcs",
                        "exit",
                        0.30270195007324219,
                        0.103237,
                        0.051617999999999997,
                        210512,
                        222888,
                        0.0,
                        0.0,
                        1678584840.187237,
                        9380201065220706
                    ],
                    "sub": []
                },
                {
                    "stat": [
                        "doGAToPass2",
                        "entry",
                        0.30282092094421387,
                        0.10331700000000001,
                        0.051658000000000003,
                        210512,
                        222888,
                        0.0,
                        0.0,
                        1678584840.187356,
                        9380201065613516
                    ],