{
    "Modules": {
        "...MASTER...": {
            "start_perf": [
                0.40415477752685547,
                0.076935000000000003,
                0.060081000000000002,
                208956,
                222888,
                1678587409.0615709,
                9389202390105510
            ],
            "nRouts": 5,
            "child_modules": {
                "register_tb": 1
            },
            "end_perf": [
                0.44491195678710938,
                0.079725000000000004,
                0.069095000000000004,
                210892,
                222888,
                9389202532995870,
                0,
                0
            ],
            "nQuads": 0,
            "nMops": 0
        },
        "register_tb": {
            "start_perf": [
                0.47713685035705566,
                0.080840999999999996,
                0.075523000000000007,
                210924,
                222888,
                1678587409.134553,
                9389202645815560
            ],
            "nRouts": 52,
            "child_modules": {
                "dff": 8
            },
            "nMops": 620,
            "Compiled": "Yes",
            "end_perf": [
                0.49611592292785645,
                0.086566000000000004,
                0.082343,
                211776,
                222888,
                9389202712419490,
                25769803777,
                0
            ],
            "Compiled Times": 6,
            "nQuads": 321
        },
        "dff": {
            "start_perf": [
                0.44528388977050781,
                0.079913999999999999,
                0.069259000000000001,
                210892,
                222888,
                1678587409.1027,
                9389202534234062
            ],
            "nRouts": 22,
            "child_modules": {},
            "nMops": 0,
            "Compiled": "Yes",
            "end_perf": [
                0.47698187828063965,
                0.080759999999999998,
                0.075447,
                210924,
                222888,
                9389202645355720,
                17179869185,
                0
            ],
            "Compiled Times": 6,
            "nQuads": 0
        }
    },
    "CompUnits": {},
    "stat": {
        "ru_self_end": {
            "ru_minflt": 25108,
            "ru_maxrss_kb": 74524,
            "ru_utime_sec": 0.096379000000000006,
            "ru_stime_sec": 0.090648999999999993,
            "ru_nivcsw": 135,
            "ru_majflt": 0,
            "ru_nvcsw": 285
        },
        "ru_childs_end": {
            "ru_minflt": 6906,
            "ru_maxrss_kb": 22624,
            "ru_utime_sec": 0.037670000000000002,
            "ru_stime_sec": 0.038056,
            "ru_nivcsw": 8,
            "ru_majflt": 0,
            "ru_nvcsw": 22
        },
        "cpu_cycles_end": 9389202999831542,
        "peak_mem_kb": 222888
    },
    "reusePaths": {
        "amcQw_d": {
            "icPath": "csrc"
        },
        "IWW0i_d": {
            "icPath": "csrc"
        },
        "qvaeK_d": {
            "icPath": "csrc"
        }
    },
    "ObjArchives": [
        {
            "archive": "archive.5/_19371_archive_1.a",
            "objects": [
                [
                    "amcQwB.o",
                    101184
                ]
            ],
            "size": 101184
        }
    ]
}