{
    "stat": {
        "ru_self_cgstart": {
            "ru_utime_sec": 0.061358999999999997,
            "ru_maxrss_kb": 60796,
            "ru_stime_sec": 0.063475000000000004,
            "ru_minflt": 24188,
            "ru_majflt": 0,
            "ru_nvcsw": 195,
            "ru_nivcsw": 30
        },
        "ru_childs_cgstart": {
            "ru_utime_sec": 0.035366000000000002,
            "ru_maxrss_kb": 14956,
            "ru_stime_sec": 0.028459999999999999,
            "ru_minflt": 6320,
            "ru_majflt": 0,
            "ru_nvcsw": 17,
            "ru_nivcsw": 6
        },
        "ru_self_end": {
            "ru_utime_sec": 0.082366999999999996,
            "ru_maxrss_kb": 66672,
            "ru_stime_sec": 0.087359999999999993,
            "ru_minflt": 26521,
            "ru_majflt": 0,
            "ru_nvcsw": 277,
            "ru_nivcsw": 36
        },
        "nMops": 280,
        "realTime": 0.57476091384887695,
        "cpu_cycles_cgstart": 2685044005821086,
        "nQuads": 152,
        "totalObjSize": 99308,
        "Frontend(%)": 79.775169694920294,
        "outputSizePerQuad": 653.34210526315792,
        "ru_childs_end": {
            "ru_utime_sec": 0.038879999999999998,
            "ru_maxrss_kb": 15392,
            "ru_stime_sec": 0.034317,
            "ru_minflt": 6905,
            "ru_majflt": 0,
            "ru_nvcsw": 22,
            "ru_nivcsw": 8
        },
        "cpu_cycles_end": 2685044632363090,
        "cpu_cycles_total": 1952757808,
        "mopSpeed": 11418.318244841372,
        "mop/quad": 1.8421052631578947,
        "quadSpeed": 6198.5156186281738,
        "CodeGen(%)": 20.224830305079703,
        "peak_mem_kb": 228032
    },
    "cycles_program_begin": 2685042679605282,
    "perf": [
        {
            "stat": [
                "main",
                "entry",
                0.017390966415405273,
                0.033688999999999997,
                0.021798999999999999,
                206592,
                206592,
                0.0,
                0.0,
                1676610769.325599,
                2685042679925912
            ],
            "sub": [
                {
                    "stat": [
                        "doParsingAndDesignResolution",
                        "entry",
                        0.054374933242797852,
                        0.034993000000000003,
                        0.027994000000000002,
                        212804,
                        213472,
                        0.0,
                        0.0,
                        1676610769.3625829,
                        2685042809483710
                    ],
                    "sub": []
                },
                {
                    "stat": [
                        "doParsingAndDesignResolution",
                        "exit",
                        0.061389923095703125,
                        0.037519999999999998,
                        0.029406999999999999,
                        213000,
                        213648,
                        0.0,
                        0.0,
                        1676610769.3695979,
                        2685042834086322
                    ],
                    "sub": []
                },
                {
                    "stat": [
                        "doPostDesignResolutionToVir2Vcs",
                        "entry",
                        0.073705911636352539,
                        0.038196000000000001,
                        0.029936999999999998,
                        213000,
                        213648,
                        0.0,
                        0.0,
                        1676610769.3819139,
                        2685042877558260
                    ],
                    "sub": [
                        {
                            "stat": [
                                "doUptoVir2VcsNoSepCleanup",
                                "entry",
                                0.094940900802612305,
                                0.041361000000000002,
                                0.035157000000000001,
                                214136,
                                214140,
                                0.0,
                                0.0,
                                1676610769.4031489,
                                2685042951963566
                            ],
                            "sub": []
                        },
                        {
                            "stat": [
                                "doUptoVir2VcsNoSepCleanup",
                                "exit",
                                0.23801708221435547,
                                0.055474999999999997,
                                0.053381999999999999,
                                215656,
                                228032,
                                0.0,
                                0.0,
                                1676610769.5462251,
                                2685043453365640
                            ],
                            "sub": []
                        },
                        {
                            "stat": [
                                "doRadify_vir2vcsAll",
                                "entry",
                                0.23826313018798828,
                                0.055723000000000002,
                                0.053381999999999999,
                                215656,
                                228032,
                                0.0,
                                0.0,
                                1676610769.5464711,
                                2685043454075784
                            ],
                            "sub": []
                        },
                        {
                            "stat": [
                                "doRadify_vir2vcsAll",
                                "exit",
                                0.27030396461486816,
                                0.060018000000000002,
                                0.057911999999999998,
                                215656,
                                228032,
                                0.0,
                                0.0,
                                1676610769.578512,
                                2685043566438276
                            ],
                            "sub": []
                        }
                    ]
                },
                {
                    "stat": [
                        "doPostDesignResolutionToVir2Vcs",
                        "exit",
                        0.27045607566833496,
                        0.060096999999999998,
                        0.057987999999999998,
                        215656,
                        228032,
                        0.0,
                        0.0,
                        1676610769.5786641,
                        2685043566871060
                    ],
                    "sub": []
                },
                {
                    "stat": [
                        "doGAToPass2",
                        "entry",
                        0.27057695388793945,
                        0.060158000000000003,
                        0.058047000000000001,
                        215656,
                        228032,
                        0.0,
                        0.0,
                        1676610769.5787849,
                        2685043567264068
                    ],