{
    "cpu_cycles_pass2_start": 2718300929790264,
    "LVLData": [
        "SIM"
    ],
    "cycles_program_begin": 2718299416988144,
    "CompileStrategy": "fullobj",
    "stat": {
        "nQuads": 190,
        "ru_self_cgstart": {
            "ru_minflt": 24169,
            "ru_utime_sec": 0.075597999999999999,
            "ru_stime_sec": 0.050397999999999998,
            "ru_maxrss_kb": 60792,
            "ru_majflt": 0,
            "ru_nvcsw": 240,
            "ru_nivcsw": 31
        },
        "totalObjSize": 114128,
        "quadSpeed": 4901.7078582116483,
        "mop/quad": 1.8578947368421053,
        "ru_childs_cgstart": {
            "ru_minflt": 6321,
            "ru_utime_sec": 0.011346,
            "ru_stime_sec": 0.018481999999999998,
            "ru_maxrss_kb": 15032,
            "ru_majflt": 0,
            "ru_nvcsw": 17,
            "ru_nivcsw": 7
        },
        "outputSizePerQuad": 600.67368421052629,
        "peak_mem_kb": 228040,
        "cpu_cycles_cgstart": 2718300929989282,
        "nMops": 353,
        "ru_childs_end": {
            "ru_minflt": 6906,
            "ru_utime_sec": 0.011346,
            "ru_stime_sec": 0.025968999999999999,
            "ru_maxrss_kb": 15464,
            "ru_majflt": 0,
            "ru_nvcsw": 22,
            "ru_nivcsw": 9
        },
        "mopSpeed": 9106.8572313090099,
        "cpu_cycles_end": 2718301614021030,
        "ru_self_end": {
            "ru_minflt": 26781,
            "ru_utime_sec": 0.11436,
            "ru_stime_sec": 0.071110999999999994,
            "ru_maxrss_kb": 67548,
            "ru_majflt": 0,
            "ru_nvcsw": 324,
            "ru_nivcsw": 35
        },
        "cpu_cycles_total": 2197032886,
        "CodeGen(%)": 30.835441426821323,
        "Frontend(%)": 69.164558573178681,
        "realTime": 0.64437985420227051
    },
    "NameTable": {
        "Lab2_1_tb": [
            "Lab2_1_tb",
            "sCbUH",
            "module",
            1
        ],
        "...MASTER...": [
            "SIM",
            "amcQw",
            "module",
            2
        ]
    },
    "perf": [
        {
            "sub": [
                {
                    "sub": [],
                    "stat": [
                        "doParsingAndDesignResolution",
                        "entry",
                        0.046965837478637695,
                        0.040411999999999997,
                        0.022669999999999999,
                        212804,
                        213472,
                        0.0,
                        0.0,
                        1676620260.454567,
                        2718299521219894
                    ]
                },
                {
                    "sub": [],
                    "stat": [
                        "doParsingAndDesignResolution",
                        "exit",
                        0.055526971817016602,
                        0.041952999999999997,
                        0.024972000000000001,
                        213000,
                        213648,
                        0.0,
                        0.0,
                        1676620260.4631281,
                        2718299551216500
                    ]
                },
                {
                    "sub": [
                        {
                            "sub": [],
                            "stat": [
                                "doUptoVir2VcsNoSepCleanup",
                                "entry",
                                0.083668947219848633,
                                0.045442999999999997,
                                0.026171,
                                214248,
                                214252,
                                0.0,
                                0.0,
                                1676620260.4912701,
                                2718299649892014
                            ]
                        },
                        {
                            "sub": [],
                            "stat": [
                                "doUptoVir2VcsNoSepCleanup",
                                "exit",
                                0.34509086608886719,
                                0.064809000000000005,
                                0.045685000000000003,
                                215664,
                                228040,
                                0.0,
                                0.0,
                                1676620260.752692,
                                2718300566230390
                            ]
                        },
                        {
                            "sub": [],
                            "stat": [
                                "doRadify_vir2vcsAll",
                                "entry",
                                0.34532880783081055,
                                0.064949999999999994,
                                0.045783999999999998,
                                215664,
                                228040,
                                0.0,
                                0.0,
                                1676620260.7529299,
                                2718300566943470
                            ]
                        },
                        {
                            "sub": [],
                            "stat": [
                                "doRadify_vir2vcsAll",
                                "exit",
                                0.36937880516052246,
                                0.072228000000000001,
                                0.047433000000000003,
                                215664,
                                228040,
                                0.0,
                                0.0,
                                1676620260.7769799,
                                2718300651302776
                            ]
                        }
                    ],
                    "stat": [
                        "doPostDesignResolutionToVir2Vcs",
                        "entry",
                        0.067479848861694336,
                        0.042979999999999997,
                        0.024988,
                        213136,
                        213648,
                        0.0,
                        0.0,
                        1676620260.475081,
                        2718299593101634
                    ]
                },
                {
                    "sub": [],
                    "stat": [
                        "doPostDesignResolutionToVir2Vcs",
                        "exit",
                        0.36953091621398926,
                        0.072320999999999996,
                        0.047494000000000001,
                        215664,
                        228040,
                        0.0,
                        0.0,
                        1676620260.777132,
                        2718300651736450
                    ]
                },
                {
                    "sub": [
                        {
                            "sub": [],
                            "stat": [
                                "DoPass2",
                                "entry",
                                0.4488828182220459,
                                0.075507000000000005,
                                0.050338000000000001,
                                214108,
                                228040,
                                0.011346,
                                0.018481999999999998,
                                1676620260.8564839,
                                2718300929758738
                            ]
                        },
                        {
                            "sub": [],