{
    "cpu_cycles_pass2_start": 2714109786289644,
    "cycles_program_begin": 2714108604047720,
    "CompileStrategy": "fullobj",
    "CompileProcesses": [
        "cgproc.23377.json"
    ],
    "perf": [
        {
            "stat": [
                "main",
                "entry",
                0.017075061798095703,
                0.029957999999999999,
                0.023966000000000001,
                206592,
                206592,
                0.0,
                0.0,
                1676619064.413959,
                2714108604379116
            ],
            "sub": [
                {
                    "stat": [
                        "doParsingAndDesignResolution",
                        "entry",
                        0.04287409782409668,
                        0.032388,
                        0.027480000000000001,
                        212804,
                        213472,
                        0.0,
                        0.0,
                        1676619064.4397581,
                        2714108694734150
                    ],
                    "sub": []
                },
                {
                    "stat": [
                        "doParsingAndDesignResolution",
                        "exit",
                        0.050758123397827148,
                        0.033607999999999999,
                        0.029947000000000001,
                        213000,
                        213648,
                        0.0,
                        0.0,
                        1676619064.4476421,
                        2714108722346476
                    ],
                    "sub": []
                },
                {
                    "stat": [
                        "doPostDesignResolutionToVir2Vcs",
                        "entry",
                        0.062144994735717773,
                        0.034529999999999998,
                        0.029947000000000001,
                        213136,
                        213648,
                        0.0,
                        0.0,
                        1676619064.459029,
                        2714108762250538
                    ],
                    "sub": [
                        {
                            "stat": [
                                "doUptoVir2VcsNoSepCleanup",
                                "entry",
                                0.078099966049194336,
                                0.034745999999999999,
                                0.03356,
                                214248,
                                214252,
                                0.0,
                                0.0,
                                1676619064.4749839,
                                2714108818205710
                            ],
                            "sub": []
                        },
                        {
                            "stat": [
                                "doUptoVir2VcsNoSepCleanup",
                                "exit",
                                0.21711111068725586,
                                0.049751999999999998,
                                0.050728000000000002,
                                215664,
                                228040,
                                0.0,
                                0.0,
                                1676619064.6139951,
                                2714109305629834
                            ],
                            "sub": []
                        },
                        {
                            "stat": [
                                "doRadify_vir2vcsAll",
                                "entry",
                                0.21734714508056641,
                                0.049869999999999998,
                                0.050847000000000003,
                                215664,
                                228040,
                                0.0,
                                0.0,
                                1676619064.6142311,
                                2714109306338532
                            ],
                            "sub": []
                        },
                        {
                            "stat": [
                                "doRadify_vir2vcsAll",
                                "exit",
                                0.24303007125854492,
                                0.055673,
                                0.053719000000000003,
                                215664,
                                228040,
                                0.0,
                                0.0,
                                1676619064.639914,
                                2714109396423776
                            ],
                            "sub": []
                        }
                    ]
                },
                {
                    "stat": [
                        "doPostDesignResolutionToVir2Vcs",
                        "exit",
                        0.24318313598632812,
                        0.055752000000000003,
                        0.053795000000000003,
                        215664,
                        228040,
                        0.0,
                        0.0,
                        1676619064.6400671,
                        2714109396860584
                    ],
                    "sub": []
                },
                {
                    "stat": [
                        "doGAToPass2",
                        "entry",
                        0.24330401420593262,
                        0.055813000000000001,
                        0.053855,
                        215664,
                        228040,
                        0.0,
                        0.0,
                        1676619064.640188,
                        2714109397253250
                    ],
                    "sub": [
                        {
                            "stat": [
                                "DoPass2",
                                "entry",
                                0.35425615310668945,
                                0.058896999999999998,
                                0.058896999999999998,
                                214108,
                                228040,
                                0.035418999999999999,
                                0.027695000000000001,
                                1676619064.7511401,
                                2714109786241926
                            ],
                            "sub": []
                        },
                        {
                            "stat": [
                                "DoPass2",
                                "exit",
                                0.50400209426879883,
                                0.087908,
                                0.079824999999999993,
                                219388,
                                228040,
                                0.038514,
                                0.033883999999999997,
                                1676619064.9008861,
                                2714110310861350
                            ],
                            "sub": []
                        }
                    ]
                },
                {
                    "stat": [
                        "doGAToPass2",
                        "exit",
                        0.52737212181091309,
                        0.094118999999999994,
                        0.082986000000000004,
                        219388,
                        228040,
                        0.038514,
                        0.033883999999999997,
                        1676619064.9242561,
                        2714110392827170
                    ],