{
    "Modules": {
        "...MASTER...": {
            "start_perf": [
                0.35471105575561523,
                0.058896999999999998,
                0.059353999999999997,
                214108,
                228040,
                1676619064.751595,
                2714109787660292
            ],
            "child_modules": {
                "Lab2_1_tb": 1
            },
            "end_perf": [
                0.39500093460083008,
                0.064287999999999998,
                0.066296999999999995,
                215732,
                228040,
                2714109928900838,
                0,
                0
            ],
            "nRouts": 5,
            "nMops": 0,
            "nQuads": 0
        },
        "Lab2_1_tb": {
            "start_perf": [
                0.39537906646728516,
                0.064463999999999994,
                0.066477999999999995,
                215732,
                228040,
                1676619064.792263,
                2714109930202566
            ],
            "child_modules": {},
            "end_perf": [
                0.46767711639404297,
                0.084682999999999994,
                0.075821,
                219780,
                228040,
                2714110183585664,
                12884901889,
                0
            ],
            "Compiled": "Yes",
            "Compiled Times": 10,
            "significant_routs": [
                [
                    10,
                    "R_VCSgd_sCbUH_a",
                    6360160,
                    22,
                    3
                ]
            ],
            "nRouts": 31,
            "nMops": 353,
            "nQuads": 190
        }
    },
    "CompUnits": {
        "sCbUH_d": {
            "mod": "Lab2_1_tb",
            "out": "sCbUH_d.o",
            "archive": "archive.9/_23377_archive_1.a",
            "bytes": 14674,
            "text": 3025,
            "checksum": 0,
            "mode": 4
        }
    },
    "reusePaths": {
        "amcQw_d": {
            "icPath": "csrc"
        }
    },
    "ObjArchives": [
        {
            "size": 114128,
            "archive": "archive.9/_23377_archive_1.a",
            "objects": [
                [
                    "sCbUH_d.o",
                    14674
                ],
                [
                    "amcQwB.o",
                    99454
                ]
            ]
        }
    ],
    "stat": {
        "ru_self_end": {
            "ru_utime_sec": 0.094118999999999994,
            "ru_stime_sec": 0.083459000000000005,
            "ru_nvcsw": 278,
            "ru_majflt": 0,
            "ru_maxrss_kb": 67512,
            "ru_minflt": 26757,
            "ru_nivcsw": 35
        },
        "ru_childs_end": {
            "ru_utime_sec": 0.038514,
            "ru_stime_sec": 0.033883999999999997,
            "ru_nvcsw": 22,
            "ru_majflt": 0,
            "ru_maxrss_kb": 15460,
            "ru_minflt": 6906,
            "ru_nivcsw": 8
        },
        "cpu_cycles_end": 2714110450049074,
        "peak_mem_kb": 228040
    }
}