{
    "cycles_program_begin": 24343637139204926,
    "stat": {
        "ru_childs_cgstart": {
            "ru_minflt": 6320,
            "ru_utime_sec": 0.019255999999999999,
            "ru_stime_sec": 0.0096419999999999995,
            "ru_maxrss_kb": 22252,
            "ru_nivcsw": 8,
            "ru_majflt": 0,
            "ru_nvcsw": 17
        },
        "mopSpeed": 28042.081074288184,
        "CodeGen(%)": 36.114550983227105,
        "ru_self_cgstart": {
            "ru_minflt": 22759,
            "ru_utime_sec": 0.079279000000000002,
            "ru_stime_sec": 0.050083000000000003,
            "ru_maxrss_kb": 69284,
            "ru_nivcsw": 30,
            "ru_majflt": 0,
            "ru_nvcsw": 203
        },
        "cpu_cycles_cgstart": 24343638372819230,
        "nQuads": 664,
        "nMops": 1562,
        "Frontend(%)": 63.885449016772895,
        "totalObjSize": 100154,
        "mop/quad": 2.3524096385542168,
        "ru_self_end": {
            "ru_minflt": 25677,
            "ru_utime_sec": 0.13154199999999999,
            "ru_stime_sec": 0.065988000000000005,
            "ru_maxrss_kb": 77572,
            "ru_nivcsw": 35,
            "ru_majflt": 0,
            "ru_nvcsw": 285
        },
        "ru_childs_end": {
            "ru_minflt": 6904,
            "ru_utime_sec": 0.022695,
            "ru_stime_sec": 0.015374000000000001,
            "ru_maxrss_kb": 22624,
            "ru_nivcsw": 10,
            "ru_majflt": 0,
            "ru_nvcsw": 22
        },
        "outputSizePerQuad": 150.8343373493976,
        "cpu_cycles_end": 24343639070365944,
        "cpu_cycles_total": 1931161018,
        "quadSpeed": 11920.577358084092,
        "peak_mem_kb": 222808,
        "realTime": 0.56747794151306152
    },
    "perf": [
        {
            "stat": [
                "main",
                "entry",
                0.016271114349365234,
                0.032416,
                0.018664,
                206592,
                206592,
                0.0,
                0.0,
                1682855232.3099351,
                24343637139525200
            ],
            "sub": [
                {
                    "stat": [
                        "doParsingAndDesignResolution",
                        "entry",
                        0.044063091278076172,
                        0.03678,
                        0.019959999999999999,
                        207432,
                        208100,
                        0.0,
                        0.0,
                        1682855232.3377271,
                        24343637236872864
                    ],
                    "sub": []
                },
                {
                    "stat": [
                        "doParsingAndDesignResolution",
                        "exit",
                        0.053373098373413086,
                        0.040273999999999997,
                        0.021610000000000001,
                        208320,
                        208968,
                        0.0,
                        0.0,
                        1682855232.3470371,
                        24343637269507002
                    ],
                    "sub": []
                },
                {
                    "stat": [
                        "doPostDesignResolutionToVir2Vcs",
                        "entry",
                        0.06503605842590332,
                        0.041270000000000001,
                        0.021617000000000001,
                        208456,
                        208968,
                        0.0,
                        0.0,
                        1682855232.3587,
                        24343637310398814
                    ],
                    "sub": [
                        {
                            "stat": [
                                "doUptoVir2VcsNoSepCleanup",
                                "entry",
                                0.082296133041381836,
                                0.045134000000000001,
                                0.022225000000000002,
                                209440,
                                209444,
                                0.0,
                                0.0,
                                1682855232.3759601,
                                24343637371013994
                            ],
                            "sub": []
                        },
                        {
                            "stat": [
                                "doUptoVir2VcsNoSepCleanup",
                                "exit",
                                0.26571297645568848,
                                0.068690000000000001,
                                0.043327999999999998,
                                210432,
                                222808,
                                0.0,
                                0.0,
                                1682855232.559377,
                                24343638013909116
                            ],
                            "sub": []
                        },
                        {
                            "stat": [
                                "doRadify_vir2vcsAll",
                                "entry",
                                0.26595401763916016,
                                0.068838999999999997,
                                0.043422000000000002,
                                210432,
                                222808,
                                0.0,
                                0.0,
                                1682855232.559618,
                                24343638014627752
                            ],
                            "sub": []
                        },
                        {
                            "stat": [
                                "doRadify_vir2vcsAll",
                                "exit",
                                0.28999209403991699,
                                0.075653999999999999,
                                0.046473,
                                210592,
                                222808,
                                0.0,
                                0.0,
                                1682855232.5836561,
                                24343638098946452
                            ],
                            "sub": []
                        }
                    ]
                },
                {
                    "stat": [
                        "doPostDesignResolutionToVir2Vcs",
                        "exit",
                        0.29013800621032715,
                        0.075745999999999994,
                        0.046529000000000001,
                        210592,
                        222808,
                        0.0,
                        0.0,
                        1682855232.583802,
                        24343638099393782
                    ],
                    "sub": []
                },
                {
                    "stat": [
                        "doGAToPass2",
                        "entry",
                        0.2902679443359375,
                        0.075745999999999994,
                        0.04666,
                        210592,
                        222808,
                        0.0,
                        0.0,
                        1682855232.5839319,
                        24343638099797996
                    ],