{
    "Modules": {
        "...MASTER...": {
            "start_perf": [
                0.36843991279602051,
                0.079452999999999996,
                0.050083000000000003,
                209036,
                222808,
                1682855232.6621039,
                24343638373737326
            ],
            "child_modules": {
                "tb_alu": 1
            },
            "end_perf": [
                0.40930509567260742,
                0.082875000000000004,
                0.058564999999999999,
                210532,
                222808,
                24343638517011270,
                0,
                0
            ],
            "nMops": 0,
            "nQuads": 0,
            "nRouts": 5
        },
        "tb_alu": {
            "start_perf": [
                0.40966606140136719,
                0.083074999999999996,
                0.058706000000000001,
                210532,
                222808,
                1682855232.70333,
                24343638518190724
            ],
            "child_modules": {},
            "Compiled": "Yes",
            "nMops": 1562,
            "nQuads": 664,
            "Compiled Times": 15,
            "end_perf": [
                0.48449492454528809,
                0.12330199999999999,
                0.061105,
                214276,
                222808,
                24343638780188072,
                12884901889,
                0
            ],
            "nRouts": 87
        }
    },
    "stat": {
        "peak_mem_kb": 222808,
        "ru_self_end": {
            "ru_minflt": 25674,
            "ru_utime_sec": 0.13145299999999999,
            "ru_stime_sec": 0.065071000000000004,
            "ru_maxrss_kb": 77572,
            "ru_nivcsw": 35,
            "ru_majflt": 0,
            "ru_nvcsw": 282
        },
        "ru_childs_end": {
            "ru_minflt": 6904,
            "ru_utime_sec": 0.022695,
            "ru_stime_sec": 0.015374000000000001,
            "ru_maxrss_kb": 22624,
            "ru_nivcsw": 10,
            "ru_majflt": 0,
            "ru_nvcsw": 22
        },
        "cpu_cycles_end": 24343639047179092
    },
    "CompUnits": {},
    "reusePaths": {
        "YRR5F_d": {
            "icPath": "csrc"
        },
        "amcQw_d": {
            "icPath": "csrc"
        }
    },
    "ObjArchives": [
        {
            "archive": "archive.20/_28822_archive_1.a",
            "objects": [
                [
                    "amcQwB.o",
                    100154
                ]
            ],
            "size": 100154
        }
    ]
}