{
    "stat": {
        "CodeGen(%)": 40.725635400632676,
        "ru_self_end": {
            "ru_utime_sec": 0.13596900000000001,
            "ru_nivcsw": 34,
            "ru_stime_sec": 0.096762000000000001,
            "ru_maxrss_kb": 74424,
            "ru_nvcsw": 305,
            "ru_minflt": 28733,
            "ru_majflt": 0
        },
        "ru_self_cgstart": {
            "ru_utime_sec": 0.069919999999999996,
            "ru_nivcsw": 30,
            "ru_stime_sec": 0.070980000000000001,
            "ru_maxrss_kb": 64012,
            "ru_nvcsw": 211,
            "ru_minflt": 25161,
            "ru_majflt": 0
        },
        "ru_childs_cgstart": {
            "ru_utime_sec": 0.027890999999999999,
            "ru_nivcsw": 6,
            "ru_stime_sec": 0.038112,
            "ru_maxrss_kb": 16172,
            "ru_nvcsw": 17,
            "ru_minflt": 6321,
            "ru_majflt": 0
        },
        "cpu_cycles_cgstart": 21561290066378098,
        "ru_childs_end": {
            "ru_utime_sec": 0.029045000000000001,
            "ru_nivcsw": 8,
            "ru_stime_sec": 0.046189000000000001,
            "ru_maxrss_kb": 16608,
            "ru_nvcsw": 22,
            "ru_minflt": 6906,
            "ru_majflt": 0
        },
        "nMops": 1353,
        "Frontend(%)": 59.274364599367331,
        "nQuads": 613,
        "mop/quad": 2.2071778140293636,
        "totalObjSize": 137892,
        "cpu_cycles_end": 21561290897093436,
        "cpu_cycles_total": 2279833000,
        "outputSizePerQuad": 224.94616639477977,
        "mopSpeed": 20133.029775456453,
        "quadSpeed": 9121.616594497269,
        "peak_mem_kb": 223076,
        "realTime": 0.66822600364685059
    },
    "CompileStrategy": "fullobj",
    "cycles_program_begin": 21561288617260436,
    "CurCompileUdps": {},
    "CurCompileModules": [
        "...MASTER...",
        "...MASTER...",
        "tb_rom",
        "tb_rom"
    ],
    "NameTable": {
        "tb_rom": [
            "tb_rom",
            "uJyMt",
            "module",
            3
        ],
        "...MASTER...": [
            "SIM",
            "amcQw",
            "module",
            2
        ]
    },
    "perf": [
        {
            "stat": [
                "main",
                "entry",
                0.017516851425170898,
                0.027706000000000001,
                0.027706000000000001,
                206592,
                206592,
                0.0,
                0.0,
                1682061182.1230979,
                21561288617585608
            ],
            "sub": [
                {
                    "stat": [
                        "doParsingAndDesignResolution",
                        "entry",
                        0.047821044921875,
                        0.031095000000000001,
                        0.032098000000000002,
                        207432,
                        208100,
                        0.0,
                        0.0,
                        1682061182.1534021,
                        21561288723740412
                    ],
                    "sub": []
                },
                {
                    "stat": [
                        "doParsingAndDesignResolution",
                        "exit",
                        0.058413982391357422,
                        0.034977000000000001,
                        0.033978000000000001,
                        208208,
                        208856,
                        0.0,
                        0.0,
                        1682061182.163995,
                        21561288760878090
                    ],
                    "sub": []
                },
                {
                    "stat": [
                        "doPostDesignResolutionToVir2Vcs",
                        "entry",
                        0.070543050765991211,
                        0.035604999999999998,
                        0.034588000000000001,
                        208344,
                        208856,
                        0.0,
                        0.0,
                        1682061182.1761241,
                        21561288803407844
                    ],
                    "sub": [
                        {
                            "stat": [
                                "doUptoVir2VcsNoSepCleanup",
                                "entry",
                                0.091107845306396484,
                                0.036996000000000001,
                                0.040375000000000001,
                                209508,
                                209512,
                                0.0,
                                0.0,
                                1682061182.1966889,
                                21561288875671480
                            ],
                            "sub": []
                        },
                        {
                            "stat": [
                                "doUptoVir2VcsNoSepCleanup",
                                "exit",
                                0.28814005851745605,
                                0.059579,
                                0.062715000000000007,
                                210468,
                                223076,
                                0.0,
                                0.0,
                                1682061182.3937211,
                                21561289566184260
                            ],
                            "sub": []
                        },
                        {
                            "stat": [
                                "doRadify_vir2vcsAll",
                                "entry",
                                0.28839993476867676,
                                0.059840999999999998,
                                0.062715000000000007,
                                210468,
                                223076,
                                0.0,
                                0.0,
                                1682061182.393981,
                                21561289566988236
                            ],
                            "sub": []
                        },
                        {
                            "stat": [
                                "doRadify_vir2vcsAll",
                                "exit",
                                0.3128659725189209,
                                0.067669999999999994,
                                0.065618999999999997,
                                211148,
                                223076,
                                0.0,
                                0.0,
                                1682061182.418447,
                                21561289652799400
                            ],
                            "sub": []
                        }
                    ]
                },
                {
                    "stat": [
                        "doPostDesignResolutionToVir2Vcs",
                        "exit",
                        0.31301999092102051,
                        0.067749000000000004,
                        0.065696000000000004,
                        211148,
                        223076,
                        0.0,
                        0.0,
                        1682061182.418601,
                        21561289653262586
                    ],
                    "sub": []
                },
                {
                    "stat": [
                        "doGAToPass2",
                        "entry",
                        0.31314802169799805,
                        0.067813999999999999,
                        0.065758999999999998,
                        211148,
                        223076,
                        0.0,
                        0.0,
                        1682061182.4187291,
                        21561289653657646
                    ],