{
    "stat": {
        "ru_self_cgstart": {
            "ru_maxrss_kb": 66532,
            "ru_utime_sec": 0.058446999999999999,
            "ru_stime_sec": 0.061578000000000001,
            "ru_nivcsw": 30,
            "ru_minflt": 22284,
            "ru_majflt": 112,
            "ru_nvcsw": 281
        },
        "cpu_cycles_cgstart": 20587357314594,
        "ru_childs_cgstart": {
            "ru_maxrss_kb": 21536,
            "ru_utime_sec": 0.046852999999999999,
            "ru_stime_sec": 0.044609000000000003,
            "ru_nivcsw": 8,
            "ru_minflt": 6205,
            "ru_majflt": 117,
            "ru_nvcsw": 178
        },
        "mopSpeed": 13279.175128886116,
        "nQuads": 339,
        "nMops": 595,
        "cpu_cycles_end": 20588123169192,
        "mop/quad": 1.7551622418879056,
        "totalObjSize": 125072,
        "ru_childs_end": {
            "ru_maxrss_kb": 21536,
            "ru_utime_sec": 0.046852999999999999,
            "ru_stime_sec": 0.044609000000000003,
            "ru_nivcsw": 8,
            "ru_minflt": 6205,
            "ru_majflt": 117,
            "ru_nvcsw": 178
        },
        "realTime": 0.72164487838745117,
        "ru_self_end": {
            "ru_maxrss_kb": 73692,
            "ru_utime_sec": 0.103254,
            "ru_stime_sec": 0.085351999999999997,
            "ru_nivcsw": 34,
            "ru_minflt": 24695,
            "ru_majflt": 149,
            "ru_nvcsw": 402
        },
        "cpu_cycles_total": 2469337804,
        "quadSpeed": 7565.7821322561231,
        "outputSizePerQuad": 368.94395280235989,
        "Frontend(%)": 70.14995969541728,
        "CodeGen(%)": 29.850040304582723,
        "peak_mem_kb": 222584
    },
    "CompileProcesses": [
        "cgproc.17783.json"
    ],
    "cycles_program_begin": 20585653831388,
    "incremental": "on",
    "MlibObjs": {},
    "CompileStrategy": "fullobj",
    "perf": [
        {
            "stat": [
                "main",
                "entry",
                0.016851902008056641,
                0.031313000000000001,
                0.022221999999999999,
                206592,
                206592,
                0.0,
                0.0,
                1675317232.728431,
                20585654158098
            ],
            "sub": [
                {
                    "stat": [
                        "doParsingAndDesignResolution",
                        "entry",
                        0.042786836624145508,
                        0.035249000000000003,
                        0.023762999999999999,
                        207396,
                        208064,
                        0.0,
                        0.0,
                        1675317232.7543659,
                        20585744990152
                    ],
                    "sub": []
                },
                {
                    "stat": [
                        "doParsingAndDesignResolution",
                        "exit",
                        0.051455974578857422,
                        0.036891,
                        0.025548000000000001,
                        207580,
                        208228,
                        0.0,
                        0.0,
                        1675317232.7630351,
                        20585775359656
                    ],
                    "sub": []
                },
                {
                    "stat": [
                        "doPostDesignResolutionToVir2Vcs",
                        "entry",
                        0.064406871795654297,
                        0.037539999999999997,
                        0.025989000000000002,
                        207720,
                        208228,
                        0.0,
                        0.0,
                        1675317232.775986,
                        20585820754412
                    ],
                    "sub": [
                        {
                            "stat": [
                                "doUptoVir2VcsNoSepCleanup",
                                "entry",
                                0.079628944396972656,
                                0.038599000000000001,
                                0.028735,
                                208724,
                                208728,
                                0.0,
                                0.0,
                                1675317232.791208,
                                20585874152806
                            ],
                            "sub": []
                        },
                        {
                            "stat": [
                                "doUptoVir2VcsNoSepCleanup",
                                "exit",
                                0.2762908935546875,
                                0.051832999999999997,
                                0.054822999999999997,
                                210232,
                                222584,
                                0.0,
                                0.0,
                                1675317232.98787,
                                20586563626660
                            ],
                            "sub": []
                        },
                        {
                            "stat": [
                                "doRadify_vir2vcsAll",
                                "entry",
                                0.2765498161315918,
                                0.051958999999999998,
                                0.054956999999999999,
                                210232,
                                222584,
                                0.0,
                                0.0,
                                1675317232.9881289,
                                20586564349438
                            ],
                            "sub": []
                        },
                        {
                            "stat": [
                                "doRadify_vir2vcsAll",
                                "exit",
                                0.29391002655029297,
                                0.055102999999999999,
                                0.057106999999999998,
                                210232,
                                222584,
                                0.0,
                                0.0,
                                1675317233.0054891,
                                20586625271612
                            ],
                            "sub": []
                        }
                    ]
                },
                {
                    "stat": [
                        "doPostDesignResolutionToVir2Vcs",
                        "exit",
                        0.29406189918518066,
                        0.055177999999999998,
                        0.057185,
                        210232,
                        222584,
                        0.0,
                        0.0,
                        1675317233.005641,
                        20586625702742
                    ],
                    "sub": []
                },
                {
                    "stat": [
                        "doGAToPass2",
                        "entry",
                        0.29418087005615234,
                        0.055237000000000001,
                        0.057244999999999997,
                        210232,
                        222584,
                        0.0,
                        0.0,
                        1675317233.00576,
                        20586626139988
                    ],