{
    "cpu_cycles_pass2_start": 16732274889260088,
    "cycles_program_begin": 16732273535743668,
    "MlibObjs": {},
    "perf": [
        {
            "stat": [
                "main",
                "entry",
                0.016420125961303711,
                0.031088000000000001,
                0.020056000000000001,
                206592,
                206592,
                0.0,
                0.0,
                1680683036.8988431,
                16732273536083580
            ],
            "sub": [
                {
                    "stat": [
                        "doParsingAndDesignResolution",
                        "entry",
                        0.05654597282409668,
                        0.032628999999999998,
                        0.024719000000000001,
                        207432,
                        208100,
                        0.0,
                        0.0,
                        1680683036.9389689,
                        16732273676635502
                    ],
                    "sub": []
                },
                {
                    "stat": [
                        "doParsingAndDesignResolution",
                        "exit",
                        0.066120147705078125,
                        0.03576,
                        0.02682,
                        208120,
                        208768,
                        0.0,
                        0.0,
                        1680683036.9485431,
                        16732273710192068
                    ],
                    "sub": []
                },
                {
                    "stat": [
                        "doPostDesignResolutionToVir2Vcs",
                        "entry",
                        0.078261137008666992,
                        0.036891,
                        0.026919999999999999,
                        208292,
                        208768,
                        0.0,
                        0.0,
                        1680683036.9606841,
                        16732273752757704
                    ],
                    "sub": [
                        {
                            "stat": [
                                "doUptoVir2VcsNoSepCleanup",
                                "entry",
                                0.097825050354003906,
                                0.040635999999999999,
                                0.029992999999999999,
                                213440,
                                213444,
                                0.0,
                                0.0,
                                1680683036.980248,
                                16732273821468864
                            ],
                            "sub": []
                        },
                        {
                            "stat": [
                                "doUptoVir2VcsNoSepCleanup",
                                "exit",
                                0.2961881160736084,
                                0.077176999999999996,
                                0.053821000000000001,
                                222900,
                                222940,
                                0.0,
                                0.0,
                                1680683037.178611,
                                16732274516710936
                            ],
                            "sub": []
                        },
                        {
                            "stat": [
                                "doRadify_vir2vcsAll",
                                "entry",
                                0.29642796516418457,
                                0.07732,
                                0.053920000000000003,
                                222900,
                                222940,
                                0.0,
                                0.0,
                                1680683037.1788509,
                                16732274517468676
                            ],
                            "sub": []
                        },
                        {
                            "stat": [
                                "doRadify_vir2vcsAll",
                                "exit",
                                0.32044315338134766,
                                0.082864999999999994,
                                0.058005000000000001,
                                222900,
                                222940,
                                0.0,
                                0.0,
                                1680683037.2028661,
                                16732274601704422
                            ],
                            "sub": []
                        }
                    ]
                },
                {
                    "stat": [
                        "doPostDesignResolutionToVir2Vcs",
                        "exit",
                        0.32060718536376953,
                        0.082864999999999994,
                        0.058172000000000001,
                        222900,
                        222940,
                        0.0,
                        0.0,
                        1680683037.2030301,
                        16732274602142568
                    ],
                    "sub": []
                },
                {
                    "stat": [
                        "doGAToPass2",
                        "entry",
                        0.32072806358337402,
                        0.082864999999999994,
                        0.058292999999999998,
                        222900,
                        222940,
                        0.0,
                        0.0,
                        1680683037.203151,
                        16732274602539764
                    ],
                    "sub": [
                        {
                            "stat": [
                                "DoPass2",
                                "entry",
                                0.40248799324035645,
                                0.085227999999999998,
                                0.065479999999999997,
                                208944,
                                222940,
                                0.017736999999999999,
                                0.011186,
                                1680683037.2849109,
                                16732274889212246
                            ],
                            "sub": []
                        },
                        {
                            "stat": [
                                "DoPass2",
                                "exit",
                                0.58556699752807617,
                                0.12718299999999999,
                                0.090992000000000003,
                                219036,
                                222940,
                                0.019771,
                                0.018304999999999998,
                                1680683037.4679899,
                                16732275530653764
                            ],
                            "sub": []
                        }
                    ]
                },
                {
                    "stat": [
                        "doGAToPass2",
                        "exit",
                        0.60730600357055664,
                        0.133772,
                        0.093328999999999995,
                        219036,
                        222940,
                        0.019771,
                        0.018304999999999998,
                        1680683037.4897289,
                        16732275606829142
                    ],