{
    "stat": {
        "ru_self_cgstart": {
            "ru_maxrss_kb": 69064,
            "ru_utime_sec": 0.068245,
            "ru_nivcsw": 224,
            "ru_stime_sec": 0.066177,
            "ru_minflt": 23013,
            "ru_majflt": 0,
            "ru_nvcsw": 214
        },
        "CodeGen(%)": 38.015420717398598,
        "peak_mem_kb": 223608,
        "ru_childs_cgstart": {
            "ru_maxrss_kb": 22124,
            "ru_utime_sec": 0.013110999999999999,
            "ru_nivcsw": 6,
            "ru_stime_sec": 0.017141,
            "ru_minflt": 6321,
            "ru_majflt": 0,
            "ru_nvcsw": 17
        },
        "Frontend(%)": 61.984579282601409,
        "cpu_cycles_cgstart": 16701644272687818,
        "nMops": 1043,
        "nQuads": 493,
        "quadSpeed": 9880.5515472182124,
        "outputSizePerQuad": 258.08924949290059,
        "totalObjSize": 127238,
        "cpu_cycles_total": 2081946820,
        "realTime": 0.61110496520996094,
        "ru_self_end": {
            "ru_maxrss_kb": 75528,
            "ru_utime_sec": 0.115095,
            "ru_nivcsw": 231,
            "ru_stime_sec": 0.092283000000000004,
            "ru_minflt": 25516,
            "ru_majflt": 0,
            "ru_nvcsw": 311
        },
        "ru_childs_end": {
            "ru_maxrss_kb": 22496,
            "ru_utime_sec": 0.016157000000000001,
            "ru_nivcsw": 8,
            "ru_stime_sec": 0.023233,
            "ru_minflt": 6904,
            "ru_majflt": 0,
            "ru_nvcsw": 21
        },
        "cpu_cycles_end": 16701645059178854,
        "mopSpeed": 20903.479236812567,
        "mop/quad": 2.1156186612576064
    },
    "cycles_program_begin": 16701642977232034,
    "PrevCompiledModules": {
        "testbench": {
            "iAVhC_d": {
                "bytes": 25924,
                "mod": "testbench",
                "out": "iAVhC_d.o",
                "checksum": 0,
                "mode": 4,
                "archive": "archive.1/_32202_archive_1.a"
            }
        },
        "...MASTER...": {
            "amcQw_d": {
                "bytes": 7502,
                "mod": "...MASTER...",
                "out": "objs/amcQw_d.o",
                "checksum": 0,
                "mode": 4
            }
        },
        "mux": {
            "RZvU4_d": {
                "bytes": 8200,
                "mod": "mux",
                "out": "RZvU4_d.o",
                "checksum": 0,
                "mode": 4,
                "archive": "archive.1/_prev_archive_1.a"
            }
        }
    },
    "perf": [
        {
            "stat": [
                "main",
                "entry",
                0.016865968704223633,
                0.031373999999999999,
                0.020240999999999999,
                206592,
                206592,
                0.0,
                0.0,
                1680674295.2906239,
                16701642977558612
            ],
            "sub": [
                {
                    "stat": [
                        "doParsingAndDesignResolution",
                        "entry",
                        0.047017097473144531,
                        0.033850999999999999,
                        0.023895,
                        207432,
                        208100,
                        0.0,
                        0.0,
                        1680674295.320775,
                        16701643083173008
                    ],
                    "sub": []
                },
                {
                    "stat": [
                        "doParsingAndDesignResolution",
                        "exit",
                        0.058320999145507812,
                        0.036566000000000001,
                        0.026408999999999998,
                        208128,
                        208776,
                        0.0,
                        0.0,
                        1680674295.3320789,
                        16701643122788134
                    ],
                    "sub": []
                },
                {
                    "stat": [
                        "doPostDesignResolutionToVir2Vcs",
                        "entry",
                        0.070760011672973633,
                        0.037047999999999998,
                        0.027035,
                        208264,
                        208776,
                        0.0,
                        0.0,
                        1680674295.3445179,
                        16701643166417328
                    ],
                    "sub": [
                        {
                            "stat": [
                                "doUptoVir2VcsNoSepCleanup",
                                "entry",
                                0.091125011444091797,
                                0.040876999999999997,
                                0.028913000000000001,
                                209368,
                                209372,
                                0.0,
                                0.0,
                                1680674295.3648829,
                                16701643238060692
                            ],
                            "sub": []
                        },
                        {
                            "stat": [
                                "doUptoVir2VcsNoSepCleanup",
                                "exit",
                                0.28279399871826172,
                                0.059580000000000001,
                                0.057561000000000001,
                                210360,
                                223608,
                                0.0,
                                0.0,
                                1680674295.5565519,
                                16701643909702472
                            ],
                            "sub": []
                        },
                        {
                            "stat": [
                                "doRadify_vir2vcsAll",
                                "entry",
                                0.28303217887878418,
                                0.059701999999999998,
                                0.057678,
                                210360,
                                223608,
                                0.0,
                                0.0,
                                1680674295.5567901,
                                16701643910455474
                            ],
                            "sub": []
                        },
                        {
                            "stat": [
                                "doRadify_vir2vcsAll",
                                "exit",
                                0.30730795860290527,
                                0.065772999999999998,
                                0.061662000000000002,
                                210360,
                                223608,
                                0.0,
                                0.0,
                                1680674295.5810659,
                                16701643995571066
                            ],
                            "sub": []
                        }
                    ]
                },
                {
                    "stat": [
                        "doPostDesignResolutionToVir2Vcs",
                        "exit",
                        0.30746197700500488,
                        0.065853999999999996,
                        0.061738000000000001,
                        210360,
                        223608,
                        0.0,
                        0.0,
                        1680674295.5812199,
                        16701643996008684
                    ],