{
    "Modules": {
        "...MASTER...": {
            "start_perf": [
                0.44516491889953613,
                0.074346999999999996,
                0.058415000000000002,
                209256,
                223608,
                1680676613.089324,
                16709764534638872
            ],
            "child_modules": {
                "testbench": 1
            },
            "nRouts": 5,
            "end_perf": [
                0.48863983154296875,
                0.080873,
                0.063619999999999996,
                210688,
                223608,
                16709764687157720,
                0,
                0
            ],
            "nQuads": 0,
            "nMops": 0
        },
        "mux": {
            "Compiled Times": 3,
            "start_perf": [
                0.48904681205749512,
                0.080873,
                0.064007999999999995,
                210688,
                223608,
                1680676613.1332059,
                16709764688447694
            ],
            "child_modules": {},
            "Compiled": "Yes",
            "nRouts": 14,
            "end_perf": [
                0.5308070182800293,
                0.087930999999999995,
                0.069246000000000002,
                211564,
                223608,
                16709764834838018,
                8589934593,
                0
            ],
            "nQuads": 79,
            "nMops": 130
        },
        "testbench": {
            "Compiled Times": 3,
            "start_perf": [
                0.53096485137939453,
                0.088020000000000001,
                0.069315000000000002,
                211564,
                223608,
                1680676613.1751239,
                16709764835296928
            ],
            "child_modules": {
                "mux": 4
            },
            "Compiled": "Yes",
            "nRouts": 42,
            "end_perf": [
                0.58425784111022949,
                0.11076,
                0.074570999999999998,
                214980,
                223608,
                16709765021937698,
                12884901889,
                0
            ],
            "nQuads": 446,
            "nMops": 929
        }
    },
    "CompUnits": {
        "iAVhC_d": {
            "checksum": 0,
            "mod": "testbench",
            "text": 6962,
            "out": "iAVhC_d.o",
            "archive": "archive.2/_2881_archive_1.a",
            "bytes": 31018,
            "mode": 4
        }
    },
    "reusePaths": {
        "amcQw_d": {
            "icPath": "csrc"
        },
        "RZvU4_d": {
            "icPath": "csrc"
        }
    },
    "ObjArchives": [
        {
            "archive": "archive.2/_2881_archive_1.a",
            "objects": [
                [
                    "iAVhC_d.o",
                    31018
                ],
                [
                    "amcQwB.o",
                    101844
                ]
            ],
            "size": 132862
        }
    ],
    "stat": {
        "cpu_cycles_end": 16709765285162940,
        "ru_self_end": {
            "ru_stime_sec": 0.078493999999999994,
            "ru_utime_sec": 0.121611,
            "ru_maxrss_kb": 75436,
            "ru_minflt": 25739,
            "ru_majflt": 0,
            "ru_nvcsw": 313,
            "ru_nivcsw": 232
        },
        "ru_childs_end": {
            "ru_stime_sec": 0.03261,
            "ru_utime_sec": 0.042458000000000003,
            "ru_maxrss_kb": 22824,
            "ru_minflt": 6906,
            "ru_majflt": 0,
            "ru_nvcsw": 22,
            "ru_nivcsw": 8
        },
        "peak_mem_kb": 223608
    }
}